<?xml version="1.0" encoding="UTF-8"?>
<configuration>
	<springProperty scope="context" name="logMaxHistory"
		source="log.max.history" />
	<springProperty scope="context" name="logLevel" source="log.level" />

	<appender name="CONSOLE" class="ch.qos.logback.core.ConsoleAppender">
		<encoder class="ch.qos.logback.classic.encoder.PatternLayoutEncoder">
			<Pattern>%date{yyyy-MM-dd HH:mm:ss.SSS} %-5level [%thread]%logger-%L-%msg%n</Pattern>
		</encoder>

	</appender>
	
	<logger name="com.joinf" level="${logLevel}">
		<appender-ref ref="CONSOLE" />
	</logger>
	<logger name="com.dangdang" level="${logLevel}">
		<appender-ref ref="CONSOLE" />
	</logger>
	<logger name="org.springframework.web" level="${logLevel}">
		<appender-ref ref="CONSOLE" />
	</logger>


</configuration>