<?xml version="1.0" encoding="UTF-8" ?>
<!DOCTYPE mapper PUBLIC "-//mybatis.org//DTD Mapper 3.0//EN" "http://mybatis.org/dtd/mybatis-3-mapper.dtd" >
<mapper namespace="com.joinf.mapper.generator.BusinessAttachmentMapper" >
  <resultMap id="BaseResultMap" type="com.joinf.entity.generator.BusinessAttachment" >
    <id column="id" property="id" jdbcType="BIGINT" />
    <result column="company_id" property="companyId" jdbcType="BIGINT" />
    <result column="business_id" property="businessId" jdbcType="BIGINT" />
    <result column="name" property="name" jdbcType="VARCHAR" />
    <result column="code" property="code" jdbcType="VARCHAR" />
    <result column="size" property="size" jdbcType="BIGINT" />
    <result column="type" property="type" jdbcType="VARCHAR" />
    <result column="preview" property="preview" jdbcType="TINYINT" />
    <result column="flag" property="flag" jdbcType="INTEGER" />
    <result column="create_id" property="createId" jdbcType="BIGINT" />
    <result column="create_time" property="createTime" jdbcType="TIMESTAMP" />
    <result column="update_id" property="updateId" jdbcType="BIGINT" />
    <result column="update_time" property="updateTime" jdbcType="TIMESTAMP" />
  </resultMap>
  <sql id="Base_Column_List" >
    id, company_id, business_id, name, code, size, type, preview, flag, create_id, create_time, 
    update_id, update_time
  </sql>
  <select id="selectByPrimaryKey" resultMap="BaseResultMap" parameterType="java.lang.Long" >
    select 
    <include refid="Base_Column_List" />
    from t_business_attachment
    where id = #{id,jdbcType=BIGINT}
  </select>
  <delete id="deleteByPrimaryKey" parameterType="java.lang.Long" >
    delete from t_business_attachment
    where id = #{id,jdbcType=BIGINT}
  </delete>
  <insert id="insert" parameterType="com.joinf.entity.generator.BusinessAttachment" useGeneratedKeys="true" keyProperty="id" >
    insert into t_business_attachment (company_id, business_id, name, 
      code, size, type, preview, 
      flag, create_id, create_time, 
      update_id, update_time)
    values (#{companyId,jdbcType=BIGINT}, #{businessId,jdbcType=BIGINT}, #{name,jdbcType=VARCHAR}, 
      #{code,jdbcType=VARCHAR}, #{size,jdbcType=BIGINT}, #{type,jdbcType=VARCHAR}, #{preview,jdbcType=TINYINT}, 
      #{flag,jdbcType=INTEGER}, #{createId,jdbcType=BIGINT}, #{createTime,jdbcType=TIMESTAMP}, 
      #{updateId,jdbcType=BIGINT}, #{updateTime,jdbcType=TIMESTAMP})
  </insert>
  <insert id="insertSelective" parameterType="com.joinf.entity.generator.BusinessAttachment" useGeneratedKeys="true" keyProperty="id" >
    insert into t_business_attachment
    <trim prefix="(" suffix=")" suffixOverrides="," >
      <if test="companyId != null" >
        company_id,
      </if>
      <if test="businessId != null" >
        business_id,
      </if>
      <if test="name != null" >
        name,
      </if>
      <if test="code != null" >
        code,
      </if>
      <if test="size != null" >
        size,
      </if>
      <if test="type != null" >
        type,
      </if>
      <if test="preview != null" >
        preview,
      </if>
      <if test="flag != null" >
        flag,
      </if>
      <if test="createId != null" >
        create_id,
      </if>
      <if test="createTime != null" >
        create_time,
      </if>
      <if test="updateId != null" >
        update_id,
      </if>
      <if test="updateTime != null" >
        update_time,
      </if>
    </trim>
    <trim prefix="values (" suffix=")" suffixOverrides="," >
      <if test="companyId != null" >
        #{companyId,jdbcType=BIGINT},
      </if>
      <if test="businessId != null" >
        #{businessId,jdbcType=BIGINT},
      </if>
      <if test="name != null" >
        #{name,jdbcType=VARCHAR},
      </if>
      <if test="code != null" >
        #{code,jdbcType=VARCHAR},
      </if>
      <if test="size != null" >
        #{size,jdbcType=BIGINT},
      </if>
      <if test="type != null" >
        #{type,jdbcType=VARCHAR},
      </if>
      <if test="preview != null" >
        #{preview,jdbcType=TINYINT},
      </if>
      <if test="flag != null" >
        #{flag,jdbcType=INTEGER},
      </if>
      <if test="createId != null" >
        #{createId,jdbcType=BIGINT},
      </if>
      <if test="createTime != null" >
        #{createTime,jdbcType=TIMESTAMP},
      </if>
      <if test="updateId != null" >
        #{updateId,jdbcType=BIGINT},
      </if>
      <if test="updateTime != null" >
        #{updateTime,jdbcType=TIMESTAMP},
      </if>
    </trim>
  </insert>
  <update id="updateByPrimaryKeySelective" parameterType="com.joinf.entity.generator.BusinessAttachment" >
    update t_business_attachment
    <set >
      <if test="companyId != null" >
        company_id = #{companyId,jdbcType=BIGINT},
      </if>
      <if test="businessId != null" >
        business_id = #{businessId,jdbcType=BIGINT},
      </if>
      <if test="name != null" >
        name = #{name,jdbcType=VARCHAR},
      </if>
      <if test="code != null" >
        code = #{code,jdbcType=VARCHAR},
      </if>
      <if test="size != null" >
        size = #{size,jdbcType=BIGINT},
      </if>
      <if test="type != null" >
        type = #{type,jdbcType=VARCHAR},
      </if>
      <if test="preview != null" >
        preview = #{preview,jdbcType=TINYINT},
      </if>
      <if test="flag != null" >
        flag = #{flag,jdbcType=INTEGER},
      </if>
      <if test="createId != null" >
        create_id = #{createId,jdbcType=BIGINT},
      </if>
      <if test="createTime != null" >
        create_time = #{createTime,jdbcType=TIMESTAMP},
      </if>
      <if test="updateId != null" >
        update_id = #{updateId,jdbcType=BIGINT},
      </if>
      <if test="updateTime != null" >
        update_time = #{updateTime,jdbcType=TIMESTAMP},
      </if>
    </set>
    where id = #{id,jdbcType=BIGINT}
  </update>
  <update id="updateByPrimaryKey" parameterType="com.joinf.entity.generator.BusinessAttachment" >
    update t_business_attachment
    set company_id = #{companyId,jdbcType=BIGINT},
      business_id = #{businessId,jdbcType=BIGINT},
      name = #{name,jdbcType=VARCHAR},
      code = #{code,jdbcType=VARCHAR},
      size = #{size,jdbcType=BIGINT},
      type = #{type,jdbcType=VARCHAR},
      preview = #{preview,jdbcType=TINYINT},
      flag = #{flag,jdbcType=INTEGER},
      create_id = #{createId,jdbcType=BIGINT},
      create_time = #{createTime,jdbcType=TIMESTAMP},
      update_id = #{updateId,jdbcType=BIGINT},
      update_time = #{updateTime,jdbcType=TIMESTAMP}
    where id = #{id,jdbcType=BIGINT}
  </update>
</mapper>