<?xml version="1.0" encoding="UTF-8" ?>
<!DOCTYPE mapper PUBLIC "-//mybatis.org//DTD Mapper 3.0//EN" "http://mybatis.org/dtd/mybatis-3-mapper.dtd" >
<mapper namespace="com.joinf.mapper.generator.BusinessClueDetailMapper" >
  <resultMap id="BaseResultMap" type="com.joinf.entity.generator.BusinessClueDetail" >
    <id column="id" property="id" jdbcType="BIGINT" />
    <result column="company_id" property="companyId" jdbcType="BIGINT" />
    <result column="operator_id" property="operatorId" jdbcType="BIGINT" />
    <result column="clue_id" property="clueId" jdbcType="BIGINT" />
    <result column="type" property="type" jdbcType="INTEGER" />
    <result column="content" property="content" jdbcType="VARCHAR" />
    <result column="url" property="url" jdbcType="VARCHAR" />
    <result column="self_custom_1" property="selfCustom1" jdbcType="INTEGER" />
    <result column="self_custom_2" property="selfCustom2" jdbcType="INTEGER" />
    <result column="self_custom_3" property="selfCustom3" jdbcType="INTEGER" />
    <result column="update_id" property="updateId" jdbcType="BIGINT" />
    <result column="create_id" property="createId" jdbcType="BIGINT" />
    <result column="update_time" property="updateTime" jdbcType="TIMESTAMP" />
    <result column="create_time" property="createTime" jdbcType="TIMESTAMP" />
    <result column="flag" property="flag" jdbcType="INTEGER" />
  </resultMap>
  <sql id="Base_Column_List" >
    id, company_id, operator_id, clue_id, type, content, url, self_custom_1, self_custom_2, 
    self_custom_3, update_id, create_id, update_time, create_time, flag
  </sql>
  <select id="selectByPrimaryKey" resultMap="BaseResultMap" parameterType="java.lang.Long" >
    select 
    <include refid="Base_Column_List" />
    from t_business_clue_detail
    where id = #{id,jdbcType=BIGINT}
  </select>
  <delete id="deleteByPrimaryKey" parameterType="java.lang.Long" >
    delete from t_business_clue_detail
    where id = #{id,jdbcType=BIGINT}
  </delete>
  <insert id="insert" parameterType="com.joinf.entity.generator.BusinessClueDetail" useGeneratedKeys="true" keyProperty="id" >
    insert into t_business_clue_detail (company_id, operator_id, clue_id, 
      type, content, url, 
      self_custom_1, self_custom_2, self_custom_3, 
      update_id, create_id, update_time, 
      create_time, flag)
    values (#{companyId,jdbcType=BIGINT}, #{operatorId,jdbcType=BIGINT}, #{clueId,jdbcType=BIGINT}, 
      #{type,jdbcType=INTEGER}, #{content,jdbcType=VARCHAR}, #{url,jdbcType=VARCHAR}, 
      #{selfCustom1,jdbcType=INTEGER}, #{selfCustom2,jdbcType=INTEGER}, #{selfCustom3,jdbcType=INTEGER}, 
      #{updateId,jdbcType=BIGINT}, #{createId,jdbcType=BIGINT}, #{updateTime,jdbcType=TIMESTAMP}, 
      #{createTime,jdbcType=TIMESTAMP}, #{flag,jdbcType=INTEGER})
  </insert>
  <insert id="insertSelective" parameterType="com.joinf.entity.generator.BusinessClueDetail" useGeneratedKeys="true" keyProperty="id" >
    insert into t_business_clue_detail
    <trim prefix="(" suffix=")" suffixOverrides="," >
      <if test="companyId != null" >
        company_id,
      </if>
      <if test="operatorId != null" >
        operator_id,
      </if>
      <if test="clueId != null" >
        clue_id,
      </if>
      <if test="type != null" >
        type,
      </if>
      <if test="content != null" >
        content,
      </if>
      <if test="url != null" >
        url,
      </if>
      <if test="selfCustom1 != null" >
        self_custom_1,
      </if>
      <if test="selfCustom2 != null" >
        self_custom_2,
      </if>
      <if test="selfCustom3 != null" >
        self_custom_3,
      </if>
      <if test="updateId != null" >
        update_id,
      </if>
      <if test="createId != null" >
        create_id,
      </if>
      <if test="updateTime != null" >
        update_time,
      </if>
      <if test="createTime != null" >
        create_time,
      </if>
      <if test="flag != null" >
        flag,
      </if>
    </trim>
    <trim prefix="values (" suffix=")" suffixOverrides="," >
      <if test="companyId != null" >
        #{companyId,jdbcType=BIGINT},
      </if>
      <if test="operatorId != null" >
        #{operatorId,jdbcType=BIGINT},
      </if>
      <if test="clueId != null" >
        #{clueId,jdbcType=BIGINT},
      </if>
      <if test="type != null" >
        #{type,jdbcType=INTEGER},
      </if>
      <if test="content != null" >
        #{content,jdbcType=VARCHAR},
      </if>
      <if test="url != null" >
        #{url,jdbcType=VARCHAR},
      </if>
      <if test="selfCustom1 != null" >
        #{selfCustom1,jdbcType=INTEGER},
      </if>
      <if test="selfCustom2 != null" >
        #{selfCustom2,jdbcType=INTEGER},
      </if>
      <if test="selfCustom3 != null" >
        #{selfCustom3,jdbcType=INTEGER},
      </if>
      <if test="updateId != null" >
        #{updateId,jdbcType=BIGINT},
      </if>
      <if test="createId != null" >
        #{createId,jdbcType=BIGINT},
      </if>
      <if test="updateTime != null" >
        #{updateTime,jdbcType=TIMESTAMP},
      </if>
      <if test="createTime != null" >
        #{createTime,jdbcType=TIMESTAMP},
      </if>
      <if test="flag != null" >
        #{flag,jdbcType=INTEGER},
      </if>
    </trim>
  </insert>
  <update id="updateByPrimaryKeySelective" parameterType="com.joinf.entity.generator.BusinessClueDetail" >
    update t_business_clue_detail
    <set >
      <if test="companyId != null" >
        company_id = #{companyId,jdbcType=BIGINT},
      </if>
      <if test="operatorId != null" >
        operator_id = #{operatorId,jdbcType=BIGINT},
      </if>
      <if test="clueId != null" >
        clue_id = #{clueId,jdbcType=BIGINT},
      </if>
      <if test="type != null" >
        type = #{type,jdbcType=INTEGER},
      </if>
      <if test="content != null" >
        content = #{content,jdbcType=VARCHAR},
      </if>
      <if test="url != null" >
        url = #{url,jdbcType=VARCHAR},
      </if>
      <if test="selfCustom1 != null" >
        self_custom_1 = #{selfCustom1,jdbcType=INTEGER},
      </if>
      <if test="selfCustom2 != null" >
        self_custom_2 = #{selfCustom2,jdbcType=INTEGER},
      </if>
      <if test="selfCustom3 != null" >
        self_custom_3 = #{selfCustom3,jdbcType=INTEGER},
      </if>
      <if test="updateId != null" >
        update_id = #{updateId,jdbcType=BIGINT},
      </if>
      <if test="createId != null" >
        create_id = #{createId,jdbcType=BIGINT},
      </if>
      <if test="updateTime != null" >
        update_time = #{updateTime,jdbcType=TIMESTAMP},
      </if>
      <if test="createTime != null" >
        create_time = #{createTime,jdbcType=TIMESTAMP},
      </if>
      <if test="flag != null" >
        flag = #{flag,jdbcType=INTEGER},
      </if>
    </set>
    where id = #{id,jdbcType=BIGINT}
  </update>
  <update id="updateByPrimaryKey" parameterType="com.joinf.entity.generator.BusinessClueDetail" >
    update t_business_clue_detail
    set company_id = #{companyId,jdbcType=BIGINT},
      operator_id = #{operatorId,jdbcType=BIGINT},
      clue_id = #{clueId,jdbcType=BIGINT},
      type = #{type,jdbcType=INTEGER},
      content = #{content,jdbcType=VARCHAR},
      url = #{url,jdbcType=VARCHAR},
      self_custom_1 = #{selfCustom1,jdbcType=INTEGER},
      self_custom_2 = #{selfCustom2,jdbcType=INTEGER},
      self_custom_3 = #{selfCustom3,jdbcType=INTEGER},
      update_id = #{updateId,jdbcType=BIGINT},
      create_id = #{createId,jdbcType=BIGINT},
      update_time = #{updateTime,jdbcType=TIMESTAMP},
      create_time = #{createTime,jdbcType=TIMESTAMP},
      flag = #{flag,jdbcType=INTEGER}
    where id = #{id,jdbcType=BIGINT}
  </update>
</mapper>