<?xml version="1.0" encoding="UTF-8" ?>
<!DOCTYPE mapper PUBLIC "-//mybatis.org//DTD Mapper 3.0//EN" "http://mybatis.org/dtd/mybatis-3-mapper.dtd" >
<mapper namespace="com.joinf.mapper.generator.BusinessClueMapper" >
  <resultMap id="BaseResultMap" type="com.joinf.entity.generator.BusinessClue" >
    <id column="id" property="id" jdbcType="BIGINT" />
    <result column="company_id" property="companyId" jdbcType="BIGINT" />
    <result column="operator_id" property="operatorId" jdbcType="BIGINT" />
    <result column="clue_name" property="clueName" jdbcType="VARCHAR" />
    <result column="clue_email" property="clueEmail" jdbcType="VARCHAR" />
    <result column="enterprise_information" property="enterpriseInformation" jdbcType="VARCHAR" />
    <result column="clue_type" property="clueType" jdbcType="INTEGER" />
    <result column="clue_grade" property="clueGrade" jdbcType="INTEGER" />
    <result column="clue_status" property="clueStatus" jdbcType="INTEGER" />
    <result column="source_id" property="sourceId" jdbcType="BIGINT" />
    <result column="update_id" property="updateId" jdbcType="BIGINT" />
    <result column="create_id" property="createId" jdbcType="BIGINT" />
    <result column="update_time" property="updateTime" jdbcType="TIMESTAMP" />
    <result column="create_time" property="createTime" jdbcType="TIMESTAMP" />
    <result column="flag" property="flag" jdbcType="INTEGER" />
  </resultMap>
  <sql id="Base_Column_List" >
    id, company_id, operator_id, clue_name, clue_email, enterprise_information, clue_type, 
    clue_grade, clue_status, source_id, update_id, create_id, update_time, create_time, 
    flag
  </sql>
  <select id="selectByPrimaryKey" resultMap="BaseResultMap" parameterType="java.lang.Long" >
    select 
    <include refid="Base_Column_List" />
    from t_business_clue
    where id = #{id,jdbcType=BIGINT}
  </select>
  <delete id="deleteByPrimaryKey" parameterType="java.lang.Long" >
    delete from t_business_clue
    where id = #{id,jdbcType=BIGINT}
  </delete>
  <insert id="insert" parameterType="com.joinf.entity.generator.BusinessClue" useGeneratedKeys="true" keyProperty="id" >
    insert into t_business_clue (company_id, operator_id, clue_name, 
      clue_email, enterprise_information, clue_type, 
      clue_grade, clue_status, source_id, 
      update_id, create_id, update_time, 
      create_time, flag)
    values (#{companyId,jdbcType=BIGINT}, #{operatorId,jdbcType=BIGINT}, #{clueName,jdbcType=VARCHAR}, 
      #{clueEmail,jdbcType=VARCHAR}, #{enterpriseInformation,jdbcType=VARCHAR}, #{clueType,jdbcType=INTEGER}, 
      #{clueGrade,jdbcType=INTEGER}, #{clueStatus,jdbcType=INTEGER}, #{sourceId,jdbcType=BIGINT}, 
      #{updateId,jdbcType=BIGINT}, #{createId,jdbcType=BIGINT}, #{updateTime,jdbcType=TIMESTAMP}, 
      #{createTime,jdbcType=TIMESTAMP}, #{flag,jdbcType=INTEGER})
  </insert>
  <insert id="insertSelective" parameterType="com.joinf.entity.generator.BusinessClue" useGeneratedKeys="true" keyProperty="id" >
    insert into t_business_clue
    <trim prefix="(" suffix=")" suffixOverrides="," >
      <if test="companyId != null" >
        company_id,
      </if>
      <if test="operatorId != null" >
        operator_id,
      </if>
      <if test="clueName != null" >
        clue_name,
      </if>
      <if test="clueEmail != null" >
        clue_email,
      </if>
      <if test="enterpriseInformation != null" >
        enterprise_information,
      </if>
      <if test="clueType != null" >
        clue_type,
      </if>
      <if test="clueGrade != null" >
        clue_grade,
      </if>
      <if test="clueStatus != null" >
        clue_status,
      </if>
      <if test="sourceId != null" >
        source_id,
      </if>
      <if test="updateId != null" >
        update_id,
      </if>
      <if test="createId != null" >
        create_id,
      </if>
      <if test="updateTime != null" >
        update_time,
      </if>
      <if test="createTime != null" >
        create_time,
      </if>
      <if test="flag != null" >
        flag,
      </if>
    </trim>
    <trim prefix="values (" suffix=")" suffixOverrides="," >
      <if test="companyId != null" >
        #{companyId,jdbcType=BIGINT},
      </if>
      <if test="operatorId != null" >
        #{operatorId,jdbcType=BIGINT},
      </if>
      <if test="clueName != null" >
        #{clueName,jdbcType=VARCHAR},
      </if>
      <if test="clueEmail != null" >
        #{clueEmail,jdbcType=VARCHAR},
      </if>
      <if test="enterpriseInformation != null" >
        #{enterpriseInformation,jdbcType=VARCHAR},
      </if>
      <if test="clueType != null" >
        #{clueType,jdbcType=INTEGER},
      </if>
      <if test="clueGrade != null" >
        #{clueGrade,jdbcType=INTEGER},
      </if>
      <if test="clueStatus != null" >
        #{clueStatus,jdbcType=INTEGER},
      </if>
      <if test="sourceId != null" >
        #{sourceId,jdbcType=BIGINT},
      </if>
      <if test="updateId != null" >
        #{updateId,jdbcType=BIGINT},
      </if>
      <if test="createId != null" >
        #{createId,jdbcType=BIGINT},
      </if>
      <if test="updateTime != null" >
        #{updateTime,jdbcType=TIMESTAMP},
      </if>
      <if test="createTime != null" >
        #{createTime,jdbcType=TIMESTAMP},
      </if>
      <if test="flag != null" >
        #{flag,jdbcType=INTEGER},
      </if>
    </trim>
  </insert>
  <update id="updateByPrimaryKeySelective" parameterType="com.joinf.entity.generator.BusinessClue" >
    update t_business_clue
    <set >
      <if test="companyId != null" >
        company_id = #{companyId,jdbcType=BIGINT},
      </if>
      <if test="operatorId != null" >
        operator_id = #{operatorId,jdbcType=BIGINT},
      </if>
      <if test="clueName != null" >
        clue_name = #{clueName,jdbcType=VARCHAR},
      </if>
      <if test="clueEmail != null" >
        clue_email = #{clueEmail,jdbcType=VARCHAR},
      </if>
      <if test="enterpriseInformation != null" >
        enterprise_information = #{enterpriseInformation,jdbcType=VARCHAR},
      </if>
      <if test="clueType != null" >
        clue_type = #{clueType,jdbcType=INTEGER},
      </if>
      <if test="clueGrade != null" >
        clue_grade = #{clueGrade,jdbcType=INTEGER},
      </if>
      <if test="clueStatus != null" >
        clue_status = #{clueStatus,jdbcType=INTEGER},
      </if>
      <if test="sourceId != null" >
        source_id = #{sourceId,jdbcType=BIGINT},
      </if>
      <if test="updateId != null" >
        update_id = #{updateId,jdbcType=BIGINT},
      </if>
      <if test="createId != null" >
        create_id = #{createId,jdbcType=BIGINT},
      </if>
      <if test="updateTime != null" >
        update_time = #{updateTime,jdbcType=TIMESTAMP},
      </if>
      <if test="createTime != null" >
        create_time = #{createTime,jdbcType=TIMESTAMP},
      </if>
      <if test="flag != null" >
        flag = #{flag,jdbcType=INTEGER},
      </if>
    </set>
    where id = #{id,jdbcType=BIGINT}
  </update>
  <update id="updateByPrimaryKey" parameterType="com.joinf.entity.generator.BusinessClue" >
    update t_business_clue
    set company_id = #{companyId,jdbcType=BIGINT},
      operator_id = #{operatorId,jdbcType=BIGINT},
      clue_name = #{clueName,jdbcType=VARCHAR},
      clue_email = #{clueEmail,jdbcType=VARCHAR},
      enterprise_information = #{enterpriseInformation,jdbcType=VARCHAR},
      clue_type = #{clueType,jdbcType=INTEGER},
      clue_grade = #{clueGrade,jdbcType=INTEGER},
      clue_status = #{clueStatus,jdbcType=INTEGER},
      source_id = #{sourceId,jdbcType=BIGINT},
      update_id = #{updateId,jdbcType=BIGINT},
      create_id = #{createId,jdbcType=BIGINT},
      update_time = #{updateTime,jdbcType=TIMESTAMP},
      create_time = #{createTime,jdbcType=TIMESTAMP},
      flag = #{flag,jdbcType=INTEGER}
    where id = #{id,jdbcType=BIGINT}
  </update>
</mapper>