<?xml version="1.0" encoding="UTF-8" ?>
<!DOCTYPE mapper PUBLIC "-//mybatis.org//DTD Mapper 3.0//EN" "http://mybatis.org/dtd/mybatis-3-mapper.dtd" >
<mapper namespace="com.joinf.mapper.generator.BusinessShareRelMapper" >
  <resultMap id="BaseResultMap" type="com.joinf.entity.generator.BusinessShareRel" >
    <id column="id" property="id" jdbcType="BIGINT" />
    <result column="company_id" property="companyId" jdbcType="BIGINT" />
    <result column="business_id" property="businessId" jdbcType="BIGINT" />
    <result column="share_id" property="shareId" jdbcType="BIGINT" />
    <result column="is_view" property="isView" jdbcType="TINYINT" />
  </resultMap>
  <sql id="Base_Column_List" >
    id, company_id, business_id, share_id, is_view
  </sql>
  <select id="selectByPrimaryKey" resultMap="BaseResultMap" parameterType="java.lang.Long" >
    select 
    <include refid="Base_Column_List" />
    from t_business_share_rel
    where id = #{id,jdbcType=BIGINT}
  </select>
  <delete id="deleteByPrimaryKey" parameterType="java.lang.Long" >
    delete from t_business_share_rel
    where id = #{id,jdbcType=BIGINT}
  </delete>
  <insert id="insert" parameterType="com.joinf.entity.generator.BusinessShareRel" useGeneratedKeys="true" keyProperty="id" >
    insert into t_business_share_rel (company_id, business_id, share_id, 
      is_view)
    values (#{companyId,jdbcType=BIGINT}, #{businessId,jdbcType=BIGINT}, #{shareId,jdbcType=BIGINT}, 
      #{isView,jdbcType=TINYINT})
  </insert>
  <insert id="insertSelective" parameterType="com.joinf.entity.generator.BusinessShareRel" useGeneratedKeys="true" keyProperty="id" >
    insert into t_business_share_rel
    <trim prefix="(" suffix=")" suffixOverrides="," >
      <if test="companyId != null" >
        company_id,
      </if>
      <if test="businessId != null" >
        business_id,
      </if>
      <if test="shareId != null" >
        share_id,
      </if>
      <if test="isView != null" >
        is_view,
      </if>
    </trim>
    <trim prefix="values (" suffix=")" suffixOverrides="," >
      <if test="companyId != null" >
        #{companyId,jdbcType=BIGINT},
      </if>
      <if test="businessId != null" >
        #{businessId,jdbcType=BIGINT},
      </if>
      <if test="shareId != null" >
        #{shareId,jdbcType=BIGINT},
      </if>
      <if test="isView != null" >
        #{isView,jdbcType=TINYINT},
      </if>
    </trim>
  </insert>
  <update id="updateByPrimaryKeySelective" parameterType="com.joinf.entity.generator.BusinessShareRel" >
    update t_business_share_rel
    <set >
      <if test="companyId != null" >
        company_id = #{companyId,jdbcType=BIGINT},
      </if>
      <if test="businessId != null" >
        business_id = #{businessId,jdbcType=BIGINT},
      </if>
      <if test="shareId != null" >
        share_id = #{shareId,jdbcType=BIGINT},
      </if>
      <if test="isView != null" >
        is_view = #{isView,jdbcType=TINYINT},
      </if>
    </set>
    where id = #{id,jdbcType=BIGINT}
  </update>
  <update id="updateByPrimaryKey" parameterType="com.joinf.entity.generator.BusinessShareRel" >
    update t_business_share_rel
    set company_id = #{companyId,jdbcType=BIGINT},
      business_id = #{businessId,jdbcType=BIGINT},
      share_id = #{shareId,jdbcType=BIGINT},
      is_view = #{isView,jdbcType=TINYINT}
    where id = #{id,jdbcType=BIGINT}
  </update>
</mapper>