<?xml version="1.0" encoding="UTF-8" ?>
<!DOCTYPE mapper PUBLIC "-//mybatis.org//DTD Mapper 3.0//EN" "http://mybatis.org/dtd/mybatis-3-mapper.dtd" >
<mapper namespace="com.joinf.mapper.generator.BusinessClueFilingLogMapper" >
  <resultMap id="BaseResultMap" type="com.joinf.entity.generator.BusinessClueFilingLog" >
    <id column="id" property="id" jdbcType="BIGINT" />
    <result column="company_id" property="companyId" jdbcType="BIGINT" />
    <result column="clue_id" property="clueId" jdbcType="BIGINT" />
    <result column="clue_email" property="clueEmail" jdbcType="VARCHAR" />
    <result column="clue_company_name" property="clueCompanyName" jdbcType="VARCHAR" />
    <result column="customer_id" property="customerId" jdbcType="BIGINT" />
    <result column="customer_name" property="customerName" jdbcType="VARCHAR" />
    <result column="customer_code" property="customerCode" jdbcType="VARCHAR" />
    <result column="business_id" property="businessId" jdbcType="BIGINT" />
    <result column="business_name" property="businessName" jdbcType="VARCHAR" />
    <result column="business_code" property="businessCode" jdbcType="VARCHAR" />
    <result column="allocation_user_id" property="allocationUserId" jdbcType="BIGINT" />
    <result column="allocation_user_name" property="allocationUserName" jdbcType="VARCHAR" />
    <result column="update_id" property="updateId" jdbcType="BIGINT" />
    <result column="update_time" property="updateTime" jdbcType="TIMESTAMP" />
    <result column="create_time" property="createTime" jdbcType="TIMESTAMP" />
    <result column="create_id" property="createId" jdbcType="BIGINT" />
    <result column="type" property="type" jdbcType="INTEGER" />
    <result column="flag" property="flag" jdbcType="INTEGER" />
  </resultMap>
  <sql id="Base_Column_List" >
    id, company_id, clue_id, clue_email, clue_company_name, customer_id, customer_name, 
    customer_code, business_id, business_name, business_code, allocation_user_id, allocation_user_name, 
    update_id, update_time, create_time, create_id, type, flag
  </sql>
  <select id="selectByPrimaryKey" resultMap="BaseResultMap" parameterType="java.lang.Long" >
    select 
    <include refid="Base_Column_List" />
    from t_business_clue_filing_log
    where id = #{id,jdbcType=BIGINT}
  </select>
  <delete id="deleteByPrimaryKey" parameterType="java.lang.Long" >
    delete from t_business_clue_filing_log
    where id = #{id,jdbcType=BIGINT}
  </delete>
  <insert id="insert" parameterType="com.joinf.entity.generator.BusinessClueFilingLog" useGeneratedKeys="true" keyProperty="id" >
    insert into t_business_clue_filing_log (company_id, clue_id, clue_email, 
      clue_company_name, customer_id, customer_name, 
      customer_code, business_id, business_name, 
      business_code, allocation_user_id, allocation_user_name, 
      update_id, update_time, create_time, 
      create_id, type, flag
      )
    values (#{companyId,jdbcType=BIGINT}, #{clueId,jdbcType=BIGINT}, #{clueEmail,jdbcType=VARCHAR}, 
      #{clueCompanyName,jdbcType=VARCHAR}, #{customerId,jdbcType=BIGINT}, #{customerName,jdbcType=VARCHAR}, 
      #{customerCode,jdbcType=VARCHAR}, #{businessId,jdbcType=BIGINT}, #{businessName,jdbcType=VARCHAR}, 
      #{businessCode,jdbcType=VARCHAR}, #{allocationUserId,jdbcType=BIGINT}, #{allocationUserName,jdbcType=VARCHAR}, 
      #{updateId,jdbcType=BIGINT}, #{updateTime,jdbcType=TIMESTAMP}, #{createTime,jdbcType=TIMESTAMP}, 
      #{createId,jdbcType=BIGINT}, #{type,jdbcType=INTEGER}, #{flag,jdbcType=INTEGER}
      )
  </insert>
  <insert id="insertSelective" parameterType="com.joinf.entity.generator.BusinessClueFilingLog" useGeneratedKeys="true" keyProperty="id" >
    insert into t_business_clue_filing_log
    <trim prefix="(" suffix=")" suffixOverrides="," >
      <if test="companyId != null" >
        company_id,
      </if>
      <if test="clueId != null" >
        clue_id,
      </if>
      <if test="clueEmail != null" >
        clue_email,
      </if>
      <if test="clueCompanyName != null" >
        clue_company_name,
      </if>
      <if test="customerId != null" >
        customer_id,
      </if>
      <if test="customerName != null" >
        customer_name,
      </if>
      <if test="customerCode != null" >
        customer_code,
      </if>
      <if test="businessId != null" >
        business_id,
      </if>
      <if test="businessName != null" >
        business_name,
      </if>
      <if test="businessCode != null" >
        business_code,
      </if>
      <if test="allocationUserId != null" >
        allocation_user_id,
      </if>
      <if test="allocationUserName != null" >
        allocation_user_name,
      </if>
      <if test="updateId != null" >
        update_id,
      </if>
      <if test="updateTime != null" >
        update_time,
      </if>
      <if test="createTime != null" >
        create_time,
      </if>
      <if test="createId != null" >
        create_id,
      </if>
      <if test="type != null" >
        type,
      </if>
      <if test="flag != null" >
        flag,
      </if>
    </trim>
    <trim prefix="values (" suffix=")" suffixOverrides="," >
      <if test="companyId != null" >
        #{companyId,jdbcType=BIGINT},
      </if>
      <if test="clueId != null" >
        #{clueId,jdbcType=BIGINT},
      </if>
      <if test="clueEmail != null" >
        #{clueEmail,jdbcType=VARCHAR},
      </if>
      <if test="clueCompanyName != null" >
        #{clueCompanyName,jdbcType=VARCHAR},
      </if>
      <if test="customerId != null" >
        #{customerId,jdbcType=BIGINT},
      </if>
      <if test="customerName != null" >
        #{customerName,jdbcType=VARCHAR},
      </if>
      <if test="customerCode != null" >
        #{customerCode,jdbcType=VARCHAR},
      </if>
      <if test="businessId != null" >
        #{businessId,jdbcType=BIGINT},
      </if>
      <if test="businessName != null" >
        #{businessName,jdbcType=VARCHAR},
      </if>
      <if test="businessCode != null" >
        #{businessCode,jdbcType=VARCHAR},
      </if>
      <if test="allocationUserId != null" >
        #{allocationUserId,jdbcType=BIGINT},
      </if>
      <if test="allocationUserName != null" >
        #{allocationUserName,jdbcType=VARCHAR},
      </if>
      <if test="updateId != null" >
        #{updateId,jdbcType=BIGINT},
      </if>
      <if test="updateTime != null" >
        #{updateTime,jdbcType=TIMESTAMP},
      </if>
      <if test="createTime != null" >
        #{createTime,jdbcType=TIMESTAMP},
      </if>
      <if test="createId != null" >
        #{createId,jdbcType=BIGINT},
      </if>
      <if test="type != null" >
        #{type,jdbcType=INTEGER},
      </if>
      <if test="flag != null" >
        #{flag,jdbcType=INTEGER},
      </if>
    </trim>
  </insert>
  <update id="updateByPrimaryKeySelective" parameterType="com.joinf.entity.generator.BusinessClueFilingLog" >
    update t_business_clue_filing_log
    <set >
      <if test="companyId != null" >
        company_id = #{companyId,jdbcType=BIGINT},
      </if>
      <if test="clueId != null" >
        clue_id = #{clueId,jdbcType=BIGINT},
      </if>
      <if test="clueEmail != null" >
        clue_email = #{clueEmail,jdbcType=VARCHAR},
      </if>
      <if test="clueCompanyName != null" >
        clue_company_name = #{clueCompanyName,jdbcType=VARCHAR},
      </if>
      <if test="customerId != null" >
        customer_id = #{customerId,jdbcType=BIGINT},
      </if>
      <if test="customerName != null" >
        customer_name = #{customerName,jdbcType=VARCHAR},
      </if>
      <if test="customerCode != null" >
        customer_code = #{customerCode,jdbcType=VARCHAR},
      </if>
      <if test="businessId != null" >
        business_id = #{businessId,jdbcType=BIGINT},
      </if>
      <if test="businessName != null" >
        business_name = #{businessName,jdbcType=VARCHAR},
      </if>
      <if test="businessCode != null" >
        business_code = #{businessCode,jdbcType=VARCHAR},
      </if>
      <if test="allocationUserId != null" >
        allocation_user_id = #{allocationUserId,jdbcType=BIGINT},
      </if>
      <if test="allocationUserName != null" >
        allocation_user_name = #{allocationUserName,jdbcType=VARCHAR},
      </if>
      <if test="updateId != null" >
        update_id = #{updateId,jdbcType=BIGINT},
      </if>
      <if test="updateTime != null" >
        update_time = #{updateTime,jdbcType=TIMESTAMP},
      </if>
      <if test="createTime != null" >
        create_time = #{createTime,jdbcType=TIMESTAMP},
      </if>
      <if test="createId != null" >
        create_id = #{createId,jdbcType=BIGINT},
      </if>
      <if test="type != null" >
        type = #{type,jdbcType=INTEGER},
      </if>
      <if test="flag != null" >
        flag = #{flag,jdbcType=INTEGER},
      </if>
    </set>
    where id = #{id,jdbcType=BIGINT}
  </update>
  <update id="updateByPrimaryKey" parameterType="com.joinf.entity.generator.BusinessClueFilingLog" >
    update t_business_clue_filing_log
    set company_id = #{companyId,jdbcType=BIGINT},
      clue_id = #{clueId,jdbcType=BIGINT},
      clue_email = #{clueEmail,jdbcType=VARCHAR},
      clue_company_name = #{clueCompanyName,jdbcType=VARCHAR},
      customer_id = #{customerId,jdbcType=BIGINT},
      customer_name = #{customerName,jdbcType=VARCHAR},
      customer_code = #{customerCode,jdbcType=VARCHAR},
      business_id = #{businessId,jdbcType=BIGINT},
      business_name = #{businessName,jdbcType=VARCHAR},
      business_code = #{businessCode,jdbcType=VARCHAR},
      allocation_user_id = #{allocationUserId,jdbcType=BIGINT},
      allocation_user_name = #{allocationUserName,jdbcType=VARCHAR},
      update_id = #{updateId,jdbcType=BIGINT},
      update_time = #{updateTime,jdbcType=TIMESTAMP},
      create_time = #{createTime,jdbcType=TIMESTAMP},
      create_id = #{createId,jdbcType=BIGINT},
      type = #{type,jdbcType=INTEGER},
      flag = #{flag,jdbcType=INTEGER}
    where id = #{id,jdbcType=BIGINT}
  </update>
</mapper>