<?xml version="1.0" encoding="UTF-8" ?>
<!DOCTYPE mapper PUBLIC "-//mybatis.org//DTD Mapper 3.0//EN" "http://mybatis.org/dtd/mybatis-3-mapper.dtd" >
<mapper namespace="com.joinf.mapper.generator.BusinessMapper" >
  <resultMap id="BaseResultMap" type="com.joinf.entity.generator.Business" >
    <id column="id" property="id" jdbcType="BIGINT" />
    <result column="company_id" property="companyId" jdbcType="BIGINT" />
    <result column="operator_id" property="operatorId" jdbcType="BIGINT" />
    <result column="operator_ids" property="operatorIds" jdbcType="VARCHAR" />
    <result column="clue_id" property="clueId" jdbcType="BIGINT" />
    <result column="customer_id" property="customerId" jdbcType="BIGINT" />
    <result column="customer_name" property="customerName" jdbcType="VARCHAR" />
    <result column="name" property="name" jdbcType="VARCHAR" />
    <result column="code" property="code" jdbcType="VARCHAR" />
    <result column="contact_id" property="contactId" jdbcType="BIGINT" />
    <result column="contact_email" property="contactEmail" jdbcType="VARCHAR" />
    <result column="contact_name" property="contactName" jdbcType="VARCHAR" />
    <result column="start_date" property="startDate" jdbcType="TIMESTAMP" />
    <result column="end_date" property="endDate" jdbcType="TIMESTAMP" />
    <result column="status" property="status" jdbcType="INTEGER" />
    <result column="flow_step" property="flowStep" jdbcType="BIGINT" />
    <result column="update_id" property="updateId" jdbcType="BIGINT" />
    <result column="update_time" property="updateTime" jdbcType="TIMESTAMP" />
    <result column="create_time" property="createTime" jdbcType="TIMESTAMP" />
    <result column="create_id" property="createId" jdbcType="BIGINT" />
    <result column="price_unit" property="priceUnit" jdbcType="BIGINT" />
    <result column="target_payment" property="targetPayment" jdbcType="DECIMAL" />
    <result column="sign_date" property="signDate" jdbcType="DATE" />
    <result column="success_rate" property="successRate" jdbcType="DECIMAL" />
    <result column="description" property="description" jdbcType="VARCHAR" />
    <result column="lost_order_cause_id" property="lostOrderCauseId" jdbcType="BIGINT" />
    <result column="lost_order_describe" property="lostOrderDescribe" jdbcType="VARCHAR" />
    <result column="flag" property="flag" jdbcType="INTEGER" />
  </resultMap>
  <sql id="Base_Column_List" >
    id, company_id, operator_id, operator_ids, clue_id, customer_id, customer_name, name, 
    code, contact_id, contact_email, contact_name, start_date, end_date, status, flow_step, 
    update_id, update_time, create_time, create_id, price_unit, target_payment, sign_date, 
    success_rate, description, lost_order_cause_id, lost_order_describe, flag
  </sql>
  <select id="selectByPrimaryKey" resultMap="BaseResultMap" parameterType="java.lang.Long" >
    select 
    <include refid="Base_Column_List" />
    from t_business
    where id = #{id,jdbcType=BIGINT}
  </select>
  <delete id="deleteByPrimaryKey" parameterType="java.lang.Long" >
    delete from t_business
    where id = #{id,jdbcType=BIGINT}
  </delete>
  <insert id="insert" parameterType="com.joinf.entity.generator.Business" useGeneratedKeys="true" keyProperty="id" >
    insert into t_business (company_id, operator_id, operator_ids, 
      clue_id, customer_id, customer_name, 
      name, code, contact_id, 
      contact_email, contact_name, start_date, 
      end_date, status, flow_step, 
      update_id, update_time, create_time, 
      create_id, price_unit, target_payment, 
      sign_date, success_rate, description, 
      lost_order_cause_id, lost_order_describe, flag
      )
    values (#{companyId,jdbcType=BIGINT}, #{operatorId,jdbcType=BIGINT}, #{operatorIds,jdbcType=VARCHAR}, 
      #{clueId,jdbcType=BIGINT}, #{customerId,jdbcType=BIGINT}, #{customerName,jdbcType=VARCHAR}, 
      #{name,jdbcType=VARCHAR}, #{code,jdbcType=VARCHAR}, #{contactId,jdbcType=BIGINT}, 
      #{contactEmail,jdbcType=VARCHAR}, #{contactName,jdbcType=VARCHAR}, #{startDate,jdbcType=TIMESTAMP}, 
      #{endDate,jdbcType=TIMESTAMP}, #{status,jdbcType=INTEGER}, #{flowStep,jdbcType=BIGINT}, 
      #{updateId,jdbcType=BIGINT}, #{updateTime,jdbcType=TIMESTAMP}, #{createTime,jdbcType=TIMESTAMP}, 
      #{createId,jdbcType=BIGINT}, #{priceUnit,jdbcType=BIGINT}, #{targetPayment,jdbcType=DECIMAL}, 
      #{signDate,jdbcType=DATE}, #{successRate,jdbcType=DECIMAL}, #{description,jdbcType=VARCHAR}, 
      #{lostOrderCauseId,jdbcType=BIGINT}, #{lostOrderDescribe,jdbcType=VARCHAR}, #{flag,jdbcType=INTEGER}
      )
  </insert>
  <insert id="insertSelective" parameterType="com.joinf.entity.generator.Business" useGeneratedKeys="true" keyProperty="id" >
    insert into t_business
    <trim prefix="(" suffix=")" suffixOverrides="," >
      <if test="companyId != null" >
        company_id,
      </if>
      <if test="operatorId != null" >
        operator_id,
      </if>
      <if test="operatorIds != null" >
        operator_ids,
      </if>
      <if test="clueId != null" >
        clue_id,
      </if>
      <if test="customerId != null" >
        customer_id,
      </if>
      <if test="customerName != null" >
        customer_name,
      </if>
      <if test="name != null" >
        name,
      </if>
      <if test="code != null" >
        code,
      </if>
      <if test="contactId != null" >
        contact_id,
      </if>
      <if test="contactEmail != null" >
        contact_email,
      </if>
      <if test="contactName != null" >
        contact_name,
      </if>
      <if test="startDate != null" >
        start_date,
      </if>
      <if test="endDate != null" >
        end_date,
      </if>
      <if test="status != null" >
        status,
      </if>
      <if test="flowStep != null" >
        flow_step,
      </if>
      <if test="updateId != null" >
        update_id,
      </if>
      <if test="updateTime != null" >
        update_time,
      </if>
      <if test="createTime != null" >
        create_time,
      </if>
      <if test="createId != null" >
        create_id,
      </if>
      <if test="priceUnit != null" >
        price_unit,
      </if>
      <if test="targetPayment != null" >
        target_payment,
      </if>
      <if test="signDate != null" >
        sign_date,
      </if>
      <if test="successRate != null" >
        success_rate,
      </if>
      <if test="description != null" >
        description,
      </if>
      <if test="lostOrderCauseId != null" >
        lost_order_cause_id,
      </if>
      <if test="lostOrderDescribe != null" >
        lost_order_describe,
      </if>
      <if test="flag != null" >
        flag,
      </if>
    </trim>
    <trim prefix="values (" suffix=")" suffixOverrides="," >
      <if test="companyId != null" >
        #{companyId,jdbcType=BIGINT},
      </if>
      <if test="operatorId != null" >
        #{operatorId,jdbcType=BIGINT},
      </if>
      <if test="operatorIds != null" >
        #{operatorIds,jdbcType=VARCHAR},
      </if>
      <if test="clueId != null" >
        #{clueId,jdbcType=BIGINT},
      </if>
      <if test="customerId != null" >
        #{customerId,jdbcType=BIGINT},
      </if>
      <if test="customerName != null" >
        #{customerName,jdbcType=VARCHAR},
      </if>
      <if test="name != null" >
        #{name,jdbcType=VARCHAR},
      </if>
      <if test="code != null" >
        #{code,jdbcType=VARCHAR},
      </if>
      <if test="contactId != null" >
        #{contactId,jdbcType=BIGINT},
      </if>
      <if test="contactEmail != null" >
        #{contactEmail,jdbcType=VARCHAR},
      </if>
      <if test="contactName != null" >
        #{contactName,jdbcType=VARCHAR},
      </if>
      <if test="startDate != null" >
        #{startDate,jdbcType=TIMESTAMP},
      </if>
      <if test="endDate != null" >
        #{endDate,jdbcType=TIMESTAMP},
      </if>
      <if test="status != null" >
        #{status,jdbcType=INTEGER},
      </if>
      <if test="flowStep != null" >
        #{flowStep,jdbcType=BIGINT},
      </if>
      <if test="updateId != null" >
        #{updateId,jdbcType=BIGINT},
      </if>
      <if test="updateTime != null" >
        #{updateTime,jdbcType=TIMESTAMP},
      </if>
      <if test="createTime != null" >
        #{createTime,jdbcType=TIMESTAMP},
      </if>
      <if test="createId != null" >
        #{createId,jdbcType=BIGINT},
      </if>
      <if test="priceUnit != null" >
        #{priceUnit,jdbcType=BIGINT},
      </if>
      <if test="targetPayment != null" >
        #{targetPayment,jdbcType=DECIMAL},
      </if>
      <if test="signDate != null" >
        #{signDate,jdbcType=DATE},
      </if>
      <if test="successRate != null" >
        #{successRate,jdbcType=DECIMAL},
      </if>
      <if test="description != null" >
        #{description,jdbcType=VARCHAR},
      </if>
      <if test="lostOrderCauseId != null" >
        #{lostOrderCauseId,jdbcType=BIGINT},
      </if>
      <if test="lostOrderDescribe != null" >
        #{lostOrderDescribe,jdbcType=VARCHAR},
      </if>
      <if test="flag != null" >
        #{flag,jdbcType=INTEGER},
      </if>
    </trim>
  </insert>
  <update id="updateByPrimaryKeySelective" parameterType="com.joinf.entity.generator.Business" >
    update t_business
    <set >
      <if test="companyId != null" >
        company_id = #{companyId,jdbcType=BIGINT},
      </if>
      <if test="operatorId != null" >
        operator_id = #{operatorId,jdbcType=BIGINT},
      </if>
      <if test="operatorIds != null" >
        operator_ids = #{operatorIds,jdbcType=VARCHAR},
      </if>
      <if test="clueId != null" >
        clue_id = #{clueId,jdbcType=BIGINT},
      </if>
      <if test="customerId != null" >
        customer_id = #{customerId,jdbcType=BIGINT},
      </if>
      <if test="customerName != null" >
        customer_name = #{customerName,jdbcType=VARCHAR},
      </if>
      <if test="name != null" >
        name = #{name,jdbcType=VARCHAR},
      </if>
      <if test="code != null" >
        code = #{code,jdbcType=VARCHAR},
      </if>
      <if test="contactId != null" >
        contact_id = #{contactId,jdbcType=BIGINT},
      </if>
      <if test="contactEmail != null" >
        contact_email = #{contactEmail,jdbcType=VARCHAR},
      </if>
      <if test="contactName != null" >
        contact_name = #{contactName,jdbcType=VARCHAR},
      </if>
      <if test="startDate != null" >
        start_date = #{startDate,jdbcType=TIMESTAMP},
      </if>
      <if test="endDate != null" >
        end_date = #{endDate,jdbcType=TIMESTAMP},
      </if>
      <if test="status != null" >
        status = #{status,jdbcType=INTEGER},
      </if>
      <if test="flowStep != null" >
        flow_step = #{flowStep,jdbcType=BIGINT},
      </if>
      <if test="updateId != null" >
        update_id = #{updateId,jdbcType=BIGINT},
      </if>
      <if test="updateTime != null" >
        update_time = #{updateTime,jdbcType=TIMESTAMP},
      </if>
      <if test="createTime != null" >
        create_time = #{createTime,jdbcType=TIMESTAMP},
      </if>
      <if test="createId != null" >
        create_id = #{createId,jdbcType=BIGINT},
      </if>
      <if test="priceUnit != null" >
        price_unit = #{priceUnit,jdbcType=BIGINT},
      </if>
      <if test="targetPayment != null" >
        target_payment = #{targetPayment,jdbcType=DECIMAL},
      </if>
      <if test="signDate != null" >
        sign_date = #{signDate,jdbcType=DATE},
      </if>
      <if test="successRate != null" >
        success_rate = #{successRate,jdbcType=DECIMAL},
      </if>
      <if test="description != null" >
        description = #{description,jdbcType=VARCHAR},
      </if>
      <if test="lostOrderCauseId != null" >
        lost_order_cause_id = #{lostOrderCauseId,jdbcType=BIGINT},
      </if>
      <if test="lostOrderDescribe != null" >
        lost_order_describe = #{lostOrderDescribe,jdbcType=VARCHAR},
      </if>
      <if test="flag != null" >
        flag = #{flag,jdbcType=INTEGER},
      </if>
    </set>
    where id = #{id,jdbcType=BIGINT}
  </update>
  <update id="updateByPrimaryKey" parameterType="com.joinf.entity.generator.Business" >
    update t_business
    set company_id = #{companyId,jdbcType=BIGINT},
      operator_id = #{operatorId,jdbcType=BIGINT},
      operator_ids = #{operatorIds,jdbcType=VARCHAR},
      clue_id = #{clueId,jdbcType=BIGINT},
      customer_id = #{customerId,jdbcType=BIGINT},
      customer_name = #{customerName,jdbcType=VARCHAR},
      name = #{name,jdbcType=VARCHAR},
      code = #{code,jdbcType=VARCHAR},
      contact_id = #{contactId,jdbcType=BIGINT},
      contact_email = #{contactEmail,jdbcType=VARCHAR},
      contact_name = #{contactName,jdbcType=VARCHAR},
      start_date = #{startDate,jdbcType=TIMESTAMP},
      end_date = #{endDate,jdbcType=TIMESTAMP},
      status = #{status,jdbcType=INTEGER},
      flow_step = #{flowStep,jdbcType=BIGINT},
      update_id = #{updateId,jdbcType=BIGINT},
      update_time = #{updateTime,jdbcType=TIMESTAMP},
      create_time = #{createTime,jdbcType=TIMESTAMP},
      create_id = #{createId,jdbcType=BIGINT},
      price_unit = #{priceUnit,jdbcType=BIGINT},
      target_payment = #{targetPayment,jdbcType=DECIMAL},
      sign_date = #{signDate,jdbcType=DATE},
      success_rate = #{successRate,jdbcType=DECIMAL},
      description = #{description,jdbcType=VARCHAR},
      lost_order_cause_id = #{lostOrderCauseId,jdbcType=BIGINT},
      lost_order_describe = #{lostOrderDescribe,jdbcType=VARCHAR},
      flag = #{flag,jdbcType=INTEGER}
    where id = #{id,jdbcType=BIGINT}
  </update>
</mapper>