<?xml version="1.0" encoding="UTF-8" ?>
<!DOCTYPE mapper PUBLIC "-//mybatis.org//DTD Mapper 3.0//EN" "http://mybatis.org/dtd/mybatis-3-mapper.dtd" >
<mapper namespace="com.joinf.mapper.BusinessExMapper">

    <sql id="Base_Column_List" >
    id, company_id, operator_id, clue_id, customer_id, customer_name, name,
    code, contact_id, contact_name, start_date, end_date, status, flow_step, update_id,
    update_time, create_time, create_id, price_unit, target_payment, sign_date, success_rate,
    description, lost_order_cause_id, lost_order_describe, flag, contact_email
    </sql>

    <sql id="query_business_condition_orderby">
        <choose>
            <when test="sortColumn!=null and sortColumn!='' and sortType != null and sortType!=''">
                <choose>
                    <when test="sortColumn == 'customerName' or sortColumn == 'name'">
                        order by CONVERT(${sortColumn} USING gbk) ${sortType}
                    </when>
                    <otherwise>
                        order by ${sortColumn} ${sortType}
                    </otherwise>
                </choose>
            </when>
            <otherwise>
                order by createTime desc
            </otherwise>
        </choose>
    </sql>

    <select id="selectBusinessByDto" resultType="com.joinf.entity.BusinessEntity"
            parameterType="java.util.Map">
        select t1.id as id, t1.code as code, t1.name as name,t1.customer_name as customerName,t1.contact_id as contactId, t1.contact_name as contactName,t1.status as status,
        t1.contact_email as contactEmail, t1.flow_step as flowStep,t1.target_payment as targetPayment,t1.end_date as endDate,t1.operator_id as salemanId,t1.create_time as createTime,
        t1.update_time as updateTime, t1.sign_date as signDate, t1.success_rate as successRate,
        t1.lost_order_describe as lostOrderDescribe,t1.price_unit as priceUnit,t1.create_id as createId,t1.customer_id as customerId,
        t1.description as description,t1.start_date as startDate,t1.lost_order_cause_id as lostOrderCauseId from
        (select <include refid="Base_Column_List" />
        from t_business
        where flag = 1 and company_id = #{companyId,jdbcType=BIGINT}
        <if test="operatorIdList != null and operatorIdList.size >0">
            and operator_id in
            <foreach item="item" index="index" collection="operatorIdList"
                     open="(" separator="," close=")">
                #{item}
            </foreach>
        </if>
        union
        select <include refid="Base_Column_List" /> from t_business where flag = 1 and id in
        (select business_id from t_business_share_rel where company_id = #{companyId,jdbcType=BIGINT}
        and share_id in
        <foreach item="item" index="index" collection="operatorIdList"
                 open="(" separator="," close=")">
            #{item}
        </foreach>)
        )t1
        where 1=1
        <if test="status != null">
            and t1.status = #{status,jdbcType=INTEGER}
        </if>
        <if test="flowStep != null">
            and t1.flow_step = #{flowStep,jdbcType=BIGINT}
        </if>
        <include refid="query_business_condition_orderby"></include>
    </select>

    <select id="selectBusinessByIdAndCompanyId" resultType="com.joinf.entity.BusinessEntity" parameterType="java.lang.Long">
        select
         t1.id as id, t1.code as code, t1.name as name,t1.flow_step as flowStep,t1.customer_id as customerName,t1.contact_id as contactName,t2.email as email,
         t1.start_date as startDate,t1.end_date as endDate,t1.target_payment as targetPayment,t1.price_unit as priceUnit,t1.sign_date as signDate,
         t1.success_rate as successRate,t1.operator_id as salemanId, t1.status as status,t1.lost_order_cause_id as lostOrderCauseId,
         t1.lost_order_describe as lostOrderDescribe,t1.create_time as createTime,t1.flag as flag,t1.update_time as updateTime,
         t1.create_id as createId,t1.clue_id as clueId,t1.description as description,t1.contact_email as contactEmail
        from
         t_business t1
         left join t_customer_contact t2 on t1.contact_id = t2.id
         where t1.flag =1 and t1.id=#{id,jdbcType=BIGINT} and t1.company_id = #{companyId,jdbcType=BIGINT}
    </select>

    <select id="selectBusinessByIdsAndCidAndOid" resultType="com.joinf.entity.generator.Business" parameterType="com.joinf.dto.DeleteBusinessDto">
        select
        <include refid="Base_Column_List" />
        from t_business
        where flag = 1
        <if test="companyId != null">
            and company_id = #{companyId,jdbcType=BIGINT}
        </if>
        <if test="operatorId != null">
            and operator_id = #{operatorId, jdbcType=BIGINT}
        </if>
        <if test="ids != null and ids.size >0">
            and id in
            <foreach item="item" index="index" collection="ids"
                     open="(" separator="," close=")">
                #{item}
            </foreach>
        </if>
        <if test="id != null">
            and id = #{id, jdbcType=BIGINT}
        </if>
        <if test="customerId != null">
            and customer_id = #{customerId, jdbcType=BIGINT}
        </if>

    </select>

    <update id="updateByIdsAndCompanyId" parameterType="com.joinf.dto.DeleteBusinessDto">
        update t_business set flag = 0 where
        company_id = #{companyId,jdbcType=BIGINT}
        and id in (
        <foreach item="item" collection="ids" separator=",">
            #{item}
        </foreach>
        )
    </update>

    <select id="selectBusinessQuotes" parameterType="long" resultType="com.joinf.dto.BusinessQuoteDto">
          select id, code, customer_name as customerName, contact_name as contactName,currency_name as currencyName,
          total_amount as totalAmount, date_format(quote_date,'%Y-%m-%d') as quoteDate, status
          from t_quote
          where flag = 1
          and company_id = #{companyId,jdbcType=BIGINT}
          and business_id = #{businessId,jdbcType=BIGINT}
          ORDER BY quote_date desc
    </select>

    <select id="selectBusinessOrders" parameterType="long" resultType="com.joinf.dto.BusinessOrderDto">
          select id, sale_contract_no as saleContractNo,customer_name as customerName,currency as currency,
          contract_amount as contractAmount,contact_name as contactName,date_format(sign_date,'%Y-%m-%d') as signDate,status
          from t_order
          where flag = 1
          and company_id = #{companyId,jdbcType=BIGINT}
          and business_id = #{businessId,jdbcType=BIGINT}
          ORDER BY sign_date desc
    </select>

    <select id="selectBusinessFollowUps" parameterType="long" resultType="com.joinf.dto.BusinessFollowUpDto">
        select operator_id as operatorId, date_format(create_time,'%Y-%m-%d %H:%i:%s') as createTime, contact_content as contactContent
        from t_customer_follow_up
        where flag = 1
        and company_id = #{companyId,jdbcType=BIGINT}
        and business_id = #{businessId,jdbcType=BIGINT}
        ORDER BY create_time desc
    </select>

    <select id="selectBusinessEmailRecord" parameterType="object" resultType="com.joinf.dto.BusinessEmailDto" >
        select t1.from_mail as fromEmail,t1.recipients as recipients,t1.subject as subject,date_format(t1.create_time,'%Y-%m-%d %H:%i') as createTime,
        t1.status as status,t1.last_operater as lastOperater, t1.id as id,t1.email_type as  emailType
        from t_email t1
        INNER join (select email_id from t_email_record where type = 3 and data_id = #{businessId,jdbcType=BIGINT}) t2
        on t1.id = t2.email_id
        where t1.flag = 1
        and t1.company_id = #{companyId,jdbcType=BIGINT}
        <if test="emailType != null">
            and t1.email_type = #{emailType,jdbcType=INTEGER}
        </if>
       ORDER BY create_time desc
    </select>


    <select id="selectBusinessProductQuotes" parameterType="object" resultType="com.joinf.dto.BusinessProductDto">
        SELECT qp.product_id as productId, qp.code, qp.english_name as englishName,
		qp.chinese_name as chineseName, count(DISTINCT q.id) as count
		,qp.commodity_picture as pictureCode,qp.product_from as productFrom
		 FROM t_quote q
		INNER JOIN t_quote_product qp ON qp.quote_id = q.id and qp.flag = 1
		WHERE q.company_id = #{companyId, jdbcType=BIGINT}
		and q.business_id = #{businessId, jdbcType=BIGINT}
        <!--<if test="oid != null and oid.size > 0">-->
            <!--and q.operator_id in-->
            <!--(-->
            <!--<foreach item="item" collection="oid" separator=",">-->
                <!--#{item}-->
            <!--</foreach>-->
            <!--)-->
        <!--</if>-->
		and q.flag = 1
		GROUP BY qp.product_id
		ORDER BY count DESC
    </select>

    <select id="selectBusinessProductOrders" parameterType="object" resultType="com.joinf.dto.BusinessProductDto">
        SELECT op.product_id as productId, op.code, op.english_name as englishName,
			op.chinese_name as chineseName, count(DISTINCT o.id) as count,
			sum(if(o.currency='USD' ,op.sub_total_amount,
		  (SELECT IFNULL(op.sub_total_amount, 0) * o.exchange_rate * 100/ cu.bankConversionPri FROM t_dict_currency cu WHERE cu.company_id in (0,#{companyId,jdbcType=BIGINT}) AND CONVERT (cu.emoney_name USING utf8) = 'USD' ORDER BY company_id desc LIMIT 1 ))) as usdSum,
			op.commodity_picture as pictureCode, product_from as productFrom
		FROM t_order o
		INNER JOIN t_order_product op ON op.order_id = o.id and op.flag = 1
		WHERE o.flag = 1
		and o.company_id = #{companyId, jdbcType=BIGINT}
		and o.business_id = #{businessId, jdbcType=BIGINT}
        GROUP BY op.product_id
        ORDER BY usdSum DESC
        <!--<if test="oid != null and oid.size > 0">-->
            <!--and o.operator_id in (-->
            <!--<foreach item="item" collection="oid" separator=",">-->
                <!--#{item}-->
            <!--</foreach>-->
            <!--)-->
        <!--</if>-->
    </select>

    <delete id="deleteBusinessShareById" parameterType="long">
        delete from t_business_share_rel where
        company_id = #{companyId,jdbcType=BIGINT} and
        business_id = #{businessId,jdbcType=BIGINT}
    </delete>

    <insert id="insertBusinessShareBatch" parameterType="java.util.List" useGeneratedKeys="true" keyProperty="id">
        insert into t_business_share_rel(business_id, company_id, share_id, is_view)
        values
        <foreach collection="list" item="item" index="index" separator=",">
            (
            #{item.businessId,jdbcType=BIGINT},
            #{item.companyId,jdbcType=BIGINT},
            #{item.shareId,jdbcType=BIGINT},
            #{item.isView,jdbcType=TINYINT})
        </foreach>
    </insert>

    <select id="selectBusinessShareByBidAndCid" parameterType="long" resultType="com.joinf.entity.generator.BusinessShareRel">
        select id, business_id as businessId, company_id as companyId, share_id as shareId, is_view as isView
        from t_business_share_rel where
        company_id = #{companyId,jdbcType=BIGINT} and
        business_id = #{businessId,jdbcType=BIGINT}
    </select>

    <select id="selectBusinessEmailRel" resultType="com.joinf.dto.BusinessEmailDto" parameterType="com.joinf.dto.QueryBusinessEmailDto">
        select t1.id, t1.from_mail as fromEmail, t1.recipients as recipients, t1.subject as subject, date_format(t1.create_time,'%Y-%m-%d %H:%i') as createTime,
        t2.contact_id as contactId,t3.name as contactName, t2.customer_id as customerId
        from t_email t1
        INNER JOIN t_email_related t2 on t2.company_id = #{companyId,jdbcType=BIGINT}
        <if test="contactId != null">
            and t2.contact_id = #{contactId,jdbcType=BIGINT}
        </if>
        <if test="customerId != null">
            and t2.customer_id = #{customerId,jdbcType=BIGINT}
        </if>
        and t2.email_id = t1.id
        LEFT JOIN t_customer_contact t3 on t3.id = t2.contact_id
        where t1.flag = 1
        <if test="type == 1">
            and t1.status in (2,11)
        </if>
        and t1.company_id = #{companyId,jdbcType=BIGINT}
        and t1.id not in (select email_id from t_email_record where data_id = #{businessId,jdbcType=BIGINT} and type = 3)
        <if test="type != null">
            and t1.email_type = #{type,jdbcType=INTEGER}
        </if>
        <if test="subject != null">
            and t1.subject like concat('%', replace(#{subject,jdbcType=VARCHAR}, '%', '\%'), '%')
        </if>
    </select>

    <insert id="saveBusinessEmailRel" parameterType="java.util.List">
        insert into t_email_record (company_id,operator_id,email_id,data_id,type,relation_type)
        values
        <foreach collection="list" item="item" index="index" separator=",">
            (
            #{item.companyId,jdbcType=BIGINT},
            #{item.operatorId,jdbcType=BIGINT},
            #{item.emailId,jdbcType=BIGINT},
            #{item.businessId,jdbcType=BIGINT},
            #{item.type,jdbcType=TINYINT},
            #{item.relationType,jdbcType=TINYINT})
        </foreach>
    </insert>

    <select id="selectBusinessShareRelByCondition" parameterType="com.joinf.dto.BusinessReadOnlyDto" resultType="com.joinf.entity.generator.BusinessShareRel">
        select id, company_id as companyId, business_id as businessId, share_id as shareId, is_view as isView
        from t_business_share_rel
        where 1=1
        <if test="businessId != null">
            and business_id = #{businessId,jdbcType=BIGINT}
        </if>
        <if test="shareId != null">
            and share_id = #{shareId,jdbcType=BIGINT}
        </if>
        <if test="companyId != null">
            and company_id = #{companyId,jdbcType=BIGINT}
        </if>
        <if test="businessIds != null and businessIds.size >0">
            and business_id in
            <foreach item="item" index="index" collection="businessIds"
                     open="(" separator="," close=")">
                #{item}
            </foreach>
        </if>
    </select>

    <select id="selectCountBusinessShareByCompanyId" parameterType="com.joinf.dto.BusinessReadOnlyDto" resultType="com.joinf.dto.BusinessShareRelDto">
        select count(business_id) as countBusinessId, business_id as businessId, company_id as companyId,
        (select count(id) from t_operator
        <if test="companyId != null ">
            where company_id = #{companyId,jdbcType=BIGINT}
        </if>
        ) as countOperator
        from t_business_share_rel group by business_id
         <if test="companyId != null">
             having company_id = #{companyId,jdbcType=BIGINT}
         </if>
    </select>

    <!-- 所有引用此sql的，注意都是null值的时候，给个"-1"值，防止全表扫描，条件后续自己添加 -->
    <select id="selectBusinessByCondition" parameterType="com.joinf.entity.BusinessWithBLOBs" resultMap="com.joinf.mapper.generator.BusinessMapper.BaseResultMap">
        select
        <include refid="com.joinf.mapper.generator.BusinessMapper.Base_Column_List" />
        from t_business
        where flag = 1
        <if test="companyId != null">
            and company_id = #{companyId,jdbcType=BIGINT}
        </if>
        <if test="operatorId != null">
            and operator_id = #{operatorId,jdbcType=BIGINT}
        </if>
        <if test="operatorIdList != null and operatorIdList.size > 0">
            and operator_id in
            <foreach item="item" index="index" collection="operatorIdList"
                     open="(" separator="," close=")">
                #{item}
            </foreach>
        </if>
        <if test="idList != null and idList.size > 0">
            and id in
            <foreach item="item" index="index" collection="idList"
                     open="(" separator="," close=")">
                #{item}
            </foreach>
        </if>
    </select>

    <delete id="cancelBusinessEmailRel" parameterType="com.joinf.dto.SaveBusinessEmailRelDto">
        delete from t_email_record
        where company_id = #{companyId,jdbcType=BIGINT}
         and data_id = #{businessId,jdbcType=BIGINT}
         and type = 3
         and email_id in
         <foreach item="item" index="index" collection="emailIds"
                     open="(" separator="," close=")">
                #{item}
         </foreach>
    </delete>

    <select id="getBuisnessInfoById" resultType="com.joinf.entity.BusinessInfoEntity" parameterType="com.joinf.dto.QueryBusinessInfoDto">
        select t.id,t.operator_id as operatorId,t.customer_name as customerName, t.name,t.code,t.contact_id as contactId,
        t.contact_email as contactEmail,t.contact_name as contactName, t.start_date as startDate,t.end_date as endDate,
        t.status as status, t.flow_step as flowStep, t.create_id as createId,t.create_time as createTime,
        t.target_payment as targetPayment,t.price_unit as priceUnit,t.sign_date as signDate,t.success_rate as successRate,
        t.description,t.customer_id as customerId,
        (select r.id from t_email_record r where r.type=3 and r.data_id=t.id and r.email_id =#{emailId, jdbcType=BIGINT} limit 1) as relId
        from t_business t
        where t.id = #{id, jdbcType=BIGINT}
    </select>
</mapper>