<?xml version="1.0" encoding="UTF-8" ?>
<!DOCTYPE mapper PUBLIC "-//mybatis.org//DTD Mapper 3.0//EN" "http://mybatis.org/dtd/mybatis-3-mapper.dtd" >
<mapper namespace="com.joinf.mapper.BusinessClueExMapper">
    <!-- 线索列表返回列 -->
    <sql id="Dto_Column_List">
	    id, company_id as companyId, operator_id as operatorId, clue_name as clueName, clue_email as clueEmail, enterprise_information as enterpriseInformation,clue_status as clueStatus,
	    clue_type as clueType,clue_grade as clueGrade,update_id as updateId, create_id as createId, update_time as updateTime, create_time as createTime, flag
    </sql>

    <sql id="query_clue_condition_orderby">
        <choose>
            <when test="sortColumn!=null and sortColumn!='' and sortType != null and sortType!=''">
                order by ${sortColumn} ${sortType}
            </when>
            <otherwise>
                order by create_time desc
            </otherwise>
        </choose>
    </sql>

    <select id="selectBusinessClueByDto" resultType="com.joinf.dto.BusinessClueDto"
            parameterType="java.util.Map">
        select
        <include refid="Dto_Column_List" />
        from t_business_clue
        <where>
            flag = 1 and
        	company_id = #{companyId,jdbcType=BIGINT}
	        <if test="clueGrade != null">
	            and clue_grade = #{clueGrade,jdbcType=INTEGER}
	        </if>
	        <if test="clueType != null">
	            and clue_Type = #{clueType,jdbcType=INTEGER}
	        </if>
	        <if test="clueStatus != null">
	            and clue_status = #{clueStatus,jdbcType=INTEGER}
	        </if>
        </where>
        <include refid="query_clue_condition_orderby"></include>
    </select>

    <select id="selectBusinessClue" resultType="com.joinf.dto.BusinessClueDetailDto"
            parameterType="java.lang.Long">
        select
        <include refid="Dto_Column_List" />
        from t_business_clue
        where flag = 1 and company_id = #{companyId,jdbcType=BIGINT} and
        id = #{clueId,jdbcType=BIGINT}
    </select>

    <select id="selectBusinessClueSourceById" resultType="com.joinf.dto.BusinessCLueSourceDto"
            parameterType="java.lang.Long">
        select clue_id as clueId, url, self_custom_1 as selfCustom1, self_custom_2 as selfCustom2, self_custom_3 as selfCustom3,
        create_time as createTime, type as type, operator_id as operatorId, content as content
        from t_business_clue_detail
        where clue_id = #{clueId,jdbcType=BIGINT}
    </select>

    <update id="updateClueStatusByIds" parameterType="java.util.Map">
        update t_business_clue
        <set >
            <if test="clueStatus != null" >
                clue_status = #{clueStatus,jdbcType=INTEGER}
            </if>
        </set>
        <where>
            company_id = #{companyId,jdbcType=BIGINT}
            <if test="idList != null and idList.size >0">
                and id in
                <foreach item="item" index="index" collection="idList"
                         open="(" separator="," close=")">
                    #{item}
                </foreach>
            </if>
        </where>
    </update>

    <select id="selectBusinessClueById" resultType="com.joinf.dto.BusinessClueDetailDto" parameterType="java.lang.Long">
        select
        <include refid="Dto_Column_List" />
        from t_business_clue
        where flag = 1 and
        id = #{clueId,jdbcType=BIGINT}
    </select>

    <select id="checkBusinessClueByEmailAndComId" parameterType="object" resultType="com.joinf.entity.generator.BusinessClue">
        select
        <include refid="Dto_Column_List" />
        from t_business_clue
        where flag = 1
        and clue_email = #{email,jdbcType=VARCHAR}
        and company_id = #{companyId,jdbcType=BIGINT}
    </select>

    <select id="queryBusinessClueFiling" parameterType="long" resultType="com.joinf.dto.BusinessClueFilingDto">
        select t1.clue_email as clueEmail,t1.clue_company_name as clueCompanyname,t1.customer_id as customerId,t1.customer_name as customerName,t1.customer_code as customerCode,
            t1.business_id as businessId,t1.business_name as businessName,t1.business_code as businessCode,t1.type,t1.allocation_user_name as allocationUserName,
            t1.create_time as createTime,t1.create_id as createId
        from t_business_clue_filing_log t1
        where t1.flag = 1
        and t1.clue_id = #{clueId,jdbcType=BIGINT}
        and t1.company_id = #{companyId,jdbcType=BIGINT}
    </select>

    <select id="selectBusinessClueByIds" resultType="com.joinf.entity.generator.BusinessClue" parameterType="object">
        select
        <include refid="Dto_Column_List" />
        from t_business_clue
        where flag = 1
        and company_id = #{companyId,jdbcType=BIGINT}
        <if test="idList != null and idList.size >0">
            and id in
            <foreach item="item" index="index" collection="idList"
                     open="(" separator="," close=")">
                #{item}
            </foreach>
        </if>
    </select>

    <!-- 做线索建档-保存商机后更新线索的处理日志 -->
    <update id="updateBusinessClueFilingLogByClueId" parameterType="com.joinf.entity.generator.BusinessClueFilingLog">
        update t_business_clue_filing_log
        <set >
            <if test="businessId != null" >
                business_id = #{businessId,jdbcType=BIGINT},
            </if>
            <if test="businessName != null" >
                business_name = #{businessName,jdbcType=VARCHAR},
            </if>
            <if test="businessCode != null" >
                business_code = #{businessCode,jdbcType=VARCHAR},
            </if>
            <if test="type != null" >
                type = #{type,jdbcType=INTEGER},
            </if>
        </set>
        where clue_id = #{clueId,jdbcType=BIGINT}
    </update>
</mapper>