<?xml version="1.0" encoding="UTF-8" ?>
<!DOCTYPE mapper PUBLIC "-//mybatis.org//DTD Mapper 3.0//EN" "http://mybatis.org/dtd/mybatis-3-mapper.dtd" >
<mapper namespace="com.joinf.mapper.BusinessAttachmentExMapper">

	<select id="queryBusinessAttachmentListByCondition"
		resultType="com.joinf.entity.BusinessAttachmentEntity"
		parameterType="java.util.Map">
		select
		id, company_id as companyId, business_id as businessId, name, code, size, type, preview, flag, create_id as createId,
		 create_time as createTime, update_id as updateId, update_time as updateTime
		from t_business_attachment
		where company_id = #{companyId,jdbcType=BIGINT}
		and business_id = #{businessId,jdbcType=BIGINT}
		and flag = 1
		order by id asc
	</select>

	<update id="deleteBusinessAttachment" parameterType="java.util.Map">
		update t_business_attachment ea
		set ea.flag = 0
		where ea.company_id = #{companyId,jdbcType=BIGINT}
		<if test="attachmentId != null">
			and ea.id = #{attachmentId,jdbcType=BIGINT}
		</if>
		<if test="attachmentIdArray != null">
			and ea.id in (
			<foreach collection="attachmentIdArray" separator="," item="id">
				#{id}
			</foreach>
			)
		</if>
		<if test="notAttachmentIdArray != null">
			and ea.id not in (
			<foreach collection="notAttachmentIdArray" separator=","
				item="id">
				#{id}
			</foreach>
			)
		</if>
		<if test="businessId != null">
			and ea.business_id = #{businessId,jdbcType=BIGINT}
		</if>
		<if test="businessIdArray != null">
			and ea.business_id in (
			<foreach collection="businessIdArray" separator="," item="id">
				#{id}
			</foreach>
			)
		</if>
	</update>


	<update id="bindingBusinessAttachment" parameterType="java.util.Map">
		update t_business_attachment ea
		set ea.business_id = #{businessId,jdbcType=BIGINT},ea.flag = 1
		where ea.company_id = #{companyId,jdbcType=BIGINT}
		and ea.business_id is null
		and id in (
		<foreach collection="attachmentIdArray" separator="," item="id">
			#{id}
		</foreach>
		)
	</update>



</mapper>