<?xml version="1.0" encoding="UTF-8"?>
<!DOCTYPE generatorConfiguration
        PUBLIC "-//mybatis.org//DTD MyBatis Generator Configuration 1.0//EN"
        "http://mybatis.org/dtd/mybatis-generator-config_1_0.dtd">


<generatorConfiguration>

	<context id="DB2Tables" targetRuntime="Mybatis3">

		<plugin type="org.mybatis.generator.plugins.SerializablePlugin" />
		<plugin type="cn.runnerup.mybatis.plugins.XmlOverrideClass" />
		<plugin type="cn.runnerup.mybatis.plugins.CommentGenerator" />

		<!--去除注释 -->
		<commentGenerator>
			<property name="suppressAllComments" value="true" />
		</commentGenerator>

		<!--数据库连接 -->
		<jdbcConnection driverClass="com.mysql.jdbc.Driver"
			connectionURL="jdbc:mysql://121.40.174.119:3306/joinf_trade?tinyInt1isBit=false"
			userId="root" password="Fttx2018">
		</jdbcConnection>
		<!--默认false Java type resolver will always use java.math.BigDecimal if 
			the database column is of type DECIMAL or NUMERIC. -->
		<javaTypeResolver>
			<property name="forceBigDecimals" value="false" />
		</javaTypeResolver>

		<javaModelGenerator targetPackage="com.joinf.entity.generator"
			targetProject="src/main/java">
			<property name="enableSubPackages" value="false" />
			<property name="trimStrings" value="true" />
		</javaModelGenerator>

		<sqlMapGenerator targetPackage="mapper.generator"
			targetProject="src/main/resources">
			<property name="enableSubPackages" value="false" />
		</sqlMapGenerator>
		<javaClientGenerator type="XMLMAPPER"
			targetPackage="com.joinf.mapper.generator" targetProject="src/main/java">
			<property name="enableSubPackages" value="false" />
		</javaClientGenerator>

		<table tableName="t_business" domainObjectName="Business"
			enableCountByExample="false" enableUpdateByExample="false"
			enableDeleteByExample="false" enableSelectByExample="false"
			selectByExampleQueryId="false">
			<generatedKey column="id" sqlStatement="JDBC" identity="true" />
		</table>

		<table tableName="t_business_clue" domainObjectName="BusinessClue"
			   enableCountByExample="false" enableUpdateByExample="false"
			   enableDeleteByExample="false" enableSelectByExample="false"
			   selectByExampleQueryId="false">
			<generatedKey column="id" sqlStatement="JDBC" identity="true" />
		</table>

		<table tableName="t_business_clue_detail" domainObjectName="BusinessClueDetail"
			   enableCountByExample="false" enableUpdateByExample="false"
			   enableDeleteByExample="false" enableSelectByExample="false"
			   selectByExampleQueryId="false">
			<generatedKey column="id" sqlStatement="JDBC" identity="true" />
		</table>
		
		<table tableName="t_business_clue_filing_log" domainObjectName="BusinessClueFilingLog"
			   enableCountByExample="false" enableUpdateByExample="false"
			   enableDeleteByExample="false" enableSelectByExample="false"
			   selectByExampleQueryId="false">
			<generatedKey column="id" sqlStatement="JDBC" identity="true" />
		</table>
		
		<table tableName="t_business_attachment" domainObjectName="BusinessAttachment"
			   enableCountByExample="false" enableUpdateByExample="false"
			   enableDeleteByExample="false" enableSelectByExample="false"
			   selectByExampleQueryId="false">
			<generatedKey column="id" sqlStatement="JDBC" identity="true" />
		</table>

		<table tableName="t_business_share_rel" domainObjectName="BusinessShareRel"
			   enableCountByExample="false" enableUpdateByExample="false"
			   enableDeleteByExample="false" enableSelectByExample="false"
			   selectByExampleQueryId="false">
			<generatedKey column="id" sqlStatement="JDBC" identity="true" />
		</table>


	</context>
</generatorConfiguration>