{
"showColumn":
{
 "37":"customerName,contactName,currencyName,code,salemanId,quoteDate,totalAmount,exchangeRate",
 "39":"customerName,contactName,currencyName,code,salemanId,quoteDate,totalAmount,exchangeRate,expiryDate",
 "40":"productId,code,specCode,chineseName,englishName,number,unitName,price,subTotalAmount,moq,commodityPicture,,colorName",
 "81":"saleContractNo,signDate,customerName,salemanId,currency,exchangeRate,priceTerms,contractAmount",
 "83":"saleContractNo,signDate,customerName,salemanId,contactName,currency,exchangeRate,priceTerms,prePaymentRate,prePayment,paymentTerms,contractAmount,remarks",
 "84":"productId,code,specCode,chineseName,englishName,englishMemo,number,unit,packageMemo,price,subTotalAmount,commodityPicture,goodsBulk,netWeight,grossWeight,colorName"
 },
 "cannotEditColumn":
 {
 "3":"displayLastFollowTime"
 }
}