[
    {
        "icon": "/features/add-email.png",
        "isShow": 1,
        "name": "新邮件",
        "path": "/email/send",
        "sort": 1
    },
    {
        "icon": "/features/add-customer.png",
        "isShow": 1,
        "name": "新客户",
        "path": "/customer/create",
        "sort": 2
    },
    {
        "icon": "/features/add-supplier.png",
        "isShow": 1,
        "name": "新供应商",
        "path": "/supplier/create",
        "sort": 3
    },
    {
        "icon": "/features/add-product.png",
        "isShow": 1,
        "name": "新产品",
        "path": "/product/create?type=default&t=0",
        "sort": 4
    },
    {
        "icon": "/features/search-email.png",
        "isShow": 1,
        "name": "搜邮件",
        "path": "/email/search?boxId=-1",
        "sort": 5
    },
    {
        "icon": "/features/search-customer.png",
        "isShow": 1,
        "name": "搜客户",
        "path": "/customer/search?type=customer",
        "sort": 6
    },
    {
        "icon": "/features/search-supplier.png",
        "isShow": 1,
        "name": "搜供应商",
        "path": "/supplier/search",
        "sort": 7
    },
    {
        "icon": "/features/search-product.png",
        "isShow": 1,
        "name": "搜产品",
        "path": "/product/search",
        "sort": 8
    },
    {
        "icon": "/features/search-quotation.png",
        "isShow": 0,
        "name": "搜报价",
        "path": "/quotation/search?boxId=-1",
        "sort": 9
    },
    {
        "icon": "/features/search-order.png",
        "isShow": 0,
        "name": "搜订单",
        "path": "/order/search?boxId=-1",
        "sort": 10
    },
    {
        "icon": "/features/search-disk.png",
        "isShow": 0,
        "name": "搜文件",
        "path": "/disk/search",
        "sort": 11
    },
    {
        "icon": "/features/add-schedule.png",
        "isShow": 0,
        "name": "日程/跟进",
        "path": "/schedule/create",
        "sort": 12
    },
    {
        "icon": "/features/chat-online.png",
        "isShow": 0,
        "name": "云客服",
        "path": "/chat/online",
        "sort": 13
    },
    {
        "icon": "/features/business.png",
        "isShow": 0,
        "name": "商业数据",
        "path": "/businessData",
        "sort": 14
    },
    {
        "icon": "/features/pk.png",
        "isShow": 0,
        "name": "业绩PK",
        "path": "/statistics/classification?type=1",
        "sort": 15
    },
    {
        "icon": "/features/message.png",
        "isShow": 0,
        "name": "查看消息",
        "path": "/message",
        "sort": 15
    },
    {
        "icon": "/features/follow.png",
        "isShow": 0,
        "name": "搜索跟进",
        "path": "/schedule/search?type=customer",
        "sort": 16
    }
]