{
	"customer": {
		"list": {
			"preview": {
				"code": "10000008",
				"name": "客户"
			},
			"new": {
				"code": "10000019",
				"name": "客户列表->新建客户"
			},
			"edit": {
				"code": "10000020",
				"name": "客户列表->编辑客户"
			},
			"share": {
				"code": "10000023",
				"name": "客户列表->客户共享"
			},
			"transfer": {
				"code": "10000024",
				"name": "客户列表->客户移交"
			},
			"delete": {
				"code": "10000025,10000028",
				"name": "客户列表->删除"
			},
			"moveToPublic": {
				"code": "10000040",
				"name": "客户列表-转入客户公海"
			},
			"browse": {
				"code": "10000069",
				"name": "客户列表->客户浏览"
			},
			"customerLock": {
				"code": "10000260",
				"name": "客户锁定"
			},
			"customerImport": {
				"code": "10000263",
				"name": "客户导入"
			},
			"customerExport": {
				"code": "10000264",
				"name": "客户导出"
			},
			"customerBatchEdit": {
				"code": "10000280",
				"name": "批量变更"
			},
			"timeExport": {
				"code": "10000283",
				"name": "时间轴导出"
			},
			"customerMerge": {
				"code": "10000290",
				"name": "客户合并"
			},
			"follow": {
				"code": "10000090",
				"name": "客户->跟进"
			}
		},
		"public": {
			"preview": {
				"code": "10000009",
				"name": "客户公海"
			},
			"delete": {
				"code": "10000288",
				"name": "客户公海->删除"
			},
			"email": {
				"code": "10000289",
				"name": "公海-邮件/营销"
			},
			"assign": {
				"code": "10000087",
				"name": "客户公海->分配"
			},
			"receive": {
				"code": "10000088",
				"name": "客户公海->领取"
			},
			"receive": {
				"code": "10000300",
				"name": "公海-客户合并"
			}
		}
	},
	"product": {
		"list": {
			"preview": {
				"code": "10000011",
				"name": "产品"
			},
			"edit": {
				"code": "10000013",
				"name": "产品->编辑"
			},
			"new": {
				"code": "10000012,10000033",
				"name": "产品->新建"
			},
			"delete": {
				"code": "10000031,10000032",
				"name": "产品->删除"
			},
			"move": {
				"code": "10000030",
				"name": "产品->移动"
			},
			"sendemail": {
				"code": "10000016",
				"name": "产品->发送邮件"
			},
			"picture": {
				"code": "10000105",
				"name": "产品->图片空间"
			},
			"export": {
				"code": "10000291",
				"name": "产品->导出"
			}
		},
		"shop": {
			"preview": {
				"code": "10000103",
				"name": "网店"
			},
			"edit": {
				"code": "10000101",
				"name": "网店->编辑"
			},
			"new": {
				"code": "10000100",
				"name": "网店->新建"
			},
			"delete": {
				"code": "10000102",
				"name": "网店->删除"
			},
			"set": {
				"code": "10000104",
				"name": "网店->设置"
			},
			"distribution": {
				"code": "10000299",
				"name": "网店->分配"
			}

		},
		"group": {
			"preview": {
				"code": "10000070",
				"name": "企业分组"
			},
			"edit": {
				"code": "10000072",
				"name": "企业分组->编辑"
			},
			"new": {
				"code": "10000071",
				"name": "企业分组->新建"
			},
			"delete": {
				"code": "10000073",
				"name": "企业分组->删除"
			}
		}
	},
	"email": {
		"list": {
			"preview": {
				"code": "10000016",
				"name": "邮件"
			},
			"delete": {
				"code": "10000084",
				"name": "邮件->删除"
			},
			"customerBoxDelete": {
				"code": "10000085",
				"name": "客户箱邮件->删除"
			},
			"delivery": {
				"code": "10000093",
				"name": "邮件->分发"
			},
			"export": {
				"code": "10000230",
				"name": "邮件->导出"
			},
			"account": {
				"code": "10000269",
				"name": "账号->设置"
			},
			"audit": {
				"code": "10000068",
				"name": "审批箱"
			},
			"recycle": {
				"code": "10000081",
				"name": "回收箱"
			},
			"setting": {
				"code": "10000082",
				"name": "个人设置"
			},
			"settingEdit": {
				"code": "10000083",
				"name": "公司管理设置"
			},
			"signerSetting": {
				"code": "10000270",
				"name": "签名设置"
			},
			"templateSetting": {
				"code": "10000281",
				"name": "邮件模板设置"
			},
			"templateTypeSetting": {
				"code": "10000298",
				"name": "邮件模板分类设置"
			}
		}
	},
	"quote": {
		"list": {
			"preview": {
				"code": "10000018",
				"name": "报价"
			},
			"edit": {
				"code": "10000067",
				"name": "报价->编辑"
			},
			"new": {
				"code": "10000036",
				"name": "报价->新建"
			},
			"delete": {
				"code": "10000061",
				"name": "报价->删除"
			},
			"save": {
				"code": "10000063",
				"name": "报价->保存"
			},
			"calculation": {
				"code": "10000293",
				"name": "报价->成本测算"
			}

		},
		"approval": {
			"takeBack": {
				"code": "10000064",
				"name": "报价->待批退回"
			},
			"approvalOk": {
				"code": "10000065",
				"name": "报价->审核通过"
			},
			"approvalBack": {
				"code": "10000066",
				"name": "报价->审核退回"
			},
			"flowSubmit": {
				"code": "10000062",
				"name": "报价->提交审批"
			},
			"yipiBack": {
				"code": "10000075",
				"name": "报价->已批退回"
			},
			"doneBack": {
				"code": "10000076",
				"name": "报价->完成退回"
			},
			"complete": {
				"code": "10000077",
				"name": "报价->完成"
			},
			"approvalEdit": {
				"code": "10000261",
				"name": "报价->审批修改"
			},
			"doneEdit": {
				"code": "10000267",
				"name": "报价->已批修改"
			},
			"approvalHistry": {
				"code": "10000038",
				"name": "报价->审批及审批历史"
			}
		}
	},
	"supplier": {
		"list": {
			"preview": {
				"code": "10000044",
				"name": "供应商"
			},
			"edit": {
				"code": "10000047",
				"name": "供应商->编辑"
			},
			"new": {
				"code": "10000045",
				"name": "供应商->新建"
			},
			"delete": {
				"code": "10000046",
				"name": "供应商->删除"
			},
			"import": {
				"code": "10000265",
				"name": "供应商导入"
			},
			"export": {
				"code": "10000266",
				"name": "供应商导出"
			},
			"export": {
				"code": "10000266",
				"name": "供应商导出"
			},
			"merger": {
				"code": "10000292",
				"name": "10000292"
			}
		}
	},
	"follow": {
		"list": {
			"preview": {
				"code": "10000010",
				"name": "跟进"
			},
			"edit": {
				"code": "10000096",
				"name": "跟进->编辑"
			},
			"new": {
				"code": "10000095",
				"name": "跟进->新建"
			},
			"delete": {
				"code": "10000097",
				"name": "跟进->删除"
			},
			"execute": {
				"code": "10000098",
				"name": "跟进->执行"
			},
			"export": {
				"code": "10000284",
				"name": "跟进->导出"
			}
		}
	},
	"order": {
		"list": {
			"preview": {
				"code": "10000200",
				"name": "订单"
			},
			"edit": {
				"code": "10000209",
				"name": "订单->编辑"
			},
			"new": {
				"code": "10000201",
				"name": "订单->新建"
			},
			"delete": {
				"code": "10000203",
				"name": "订单->删除"
			},
			"save": {
				"code": "10000205",
				"name": "订单->保存"
			},
			"calculation": {
				"code": "10000285",
				"name": "订单->成本测算"
			}

		},
		"approval": {
			"Approval": {
				"code": "10000202",
				"name": "审批及审批历史"
			},
			"takeBack": {
				"code": "10000206",
				"name": "订单->待批退回"
			},
			"approvalOk": {
				"code": "10000207",
				"name": "订单->审核通过"
			},
			"approvalBack": {
				"code": "10000208",
				"name": "订单->审核退回"
			},
			"flowSubmit": {
				"code": "10000204",
				"name": "订单->提交审批"
			},
			"yipiBack": {
				"code": "10000210",
				"name": "订单->已批退回"
			},
			"doneBack": {
				"code": "10000211",
				"name": "订单->完成退回"
			},
			"complete": {
				"code": "10000212",
				"name": "订单->完成"
			},
			"approvalEdit": {
				"code": "10000262",
				"name": "订单->审批修改"
			},
			"termination": {
				"code": "10000213",
				"name": "订单->终止"
			},
			"restart": {
				"code": "10000214",
				"name": "订单->重新执行"
			},
			"approvalAEdit": {
				"code": "10000268",
				"name": "订单->已批修改"
			}
		}
	},
	"cloud": {
		"list": {
			"preview": {
				"code": "10000250",
				"name": "云盘"
			},
			"share": {
				"code": "10000251",
				"name": "云盘->共享内容管理"
			},
			"sendemail": {
				"code": "10000276",
				"name": "云盘->发送邮件"
			}
		},
		"folder": {
			"edit": {
				"code": "10000272",
				"name": "文件夹->编辑"
			},
			"new": {
				"code": "10000271",
				"name": "文件夹->新建"
			},
			"delete": {
				"code": "10000273",
				"name": "文件夹->删除"
			}
		},
		"file": {
			"upload": {
				"code": "10000274",
				"name": "文件->上传"
			},
			"download": {
				"code": "10000275",
				"name": "文件->下载"
			},
			"delete": {
				"code": "10000278",
				"name": "文件->删除"
			},
			"move": {
				"code": "10000277",
				"name": "云盘->文件迁移"
			}
		}
	},
	"message": {
		"list": {
			"preview": {
				"code": "10000410",
				"name": "消息"
			},
			"edit": {
				"code": "10000286",
				"name": "消息-公告编辑"
			},
			"show": {
				"code": "10000287",
				"name": "消息-登录日志查看"
			}
		}
	},
	"business": {
		"list": {
			"preview": {
				"code": "10000294",
				"name": "商机"
			},
			"new": {
				"code": "10000296",
				"name": "商机新增"
			},
			"edit": {
				"code": "10000296",
				"name": "商机编辑"
			},
			"delete": {
				"code": "10000297",
				"name": "商机删除"
			},
			"share": {
				"code": "10000301",
				"name": "商机共享"
			},
			"export": {
				"code": "10000302",
				"name": "商机导出"
			},
			"allocation": {
				"code": "10000303",
				"name": "线索分配"
			}
		}
	}

}